production_line,avg_output,avg_downtime,avg_defect_rate
Line A,468.57458563535914,55.01381215469613,0.029919115219544403
Line B,464.77624309392263,74.30386740331491,0.030853080850406243
Line C,477.9806629834254,39.831491712707184,0.031098833143577087
